INSERT INTO movie (movieID, title, rating) values 
(1,'RRR',95),
(2,'Doctor Strange',95),
(3,'SpiderMan',91),
(4,'Fantastic Beasts',89);


INSERT INTO theatre (theatreID, name) values 
(1, 'PVR Cinemas'),
(2, 'AMB Cinemas'),
(3, 'Arjun Theatre'), 
(4, "Mallikurjuna Theatre"),
(5, "INOX Cinemas");


INSERT INTO theatre_seat (seatID, seatRow, seatCol, theatreID) VALUES
(1, 'A', 1, 1),
(2, 'A', 2, 1),
(3, 'A', 3, 1),
(4, 'A', 4, 1),
(5, 'A', 5, 1),
(6, 'A', 6, 1),
(7, 'A', 7, 1),
(8, 'A', 8, 1),
(9, 'A', 9, 1),
(10, 'A', 10, 1),
(11, 'A', 11, 1),
(12, 'A', 12, 1),
(13, 'B', 1, 1),
(14, 'B', 2, 1),
(15, 'B', 3, 1),
(16, 'B', 4, 1),
(17, 'B', 5, 1),
(18, 'B', 6, 1),
(19, 'B', 7, 1),
(20, 'B', 8, 1),
(21, 'B', 9, 1),
(22, 'B', 10, 1),
(23, 'B', 11, 1),
(24, 'B', 12, 1),
(25, 'C', 1, 1),
(26, 'C', 2, 1),
(27, 'C', 3, 1),
(28, 'C', 4, 1),
(29, 'C', 5, 1),
(30, 'C', 6, 1),
(31, 'C', 7, 1),
(32, 'C', 8, 1),
(33, 'C', 9, 1),
(34, 'C', 10, 1),
(35, 'C', 11, 1),
(36, 'C', 12, 1),
(37, 'D', 1, 1),
(38, 'D', 2, 1),
(39, 'D', 3, 1),
(40, 'D', 4, 1),
(41, 'D', 5, 1),
(42, 'D', 6, 1),
(43, 'D', 7, 1),
(44, 'D', 8, 1),
(45, 'D', 9, 1),
(46, 'D', 10, 1),
(47, 'D', 11, 1),
(48, 'D', 12, 1),
(49, 'E', 1, 1),
(50, 'E', 2, 1),
(51, 'E', 3, 1),
(52, 'E', 4, 1),
(53, 'E', 5, 1),
(54, 'E', 6, 1),
(55, 'E', 7, 1),
(56, 'E', 8, 1),
(57, 'E', 9, 1),
(58, 'E', 10, 1),
(59, 'E', 11, 1),
(60, 'E', 12, 1),
(61, 'F', 1, 1),
(62, 'F', 2, 1),
(63, 'F', 3, 1),
(64, 'F', 4, 1),
(65, 'F', 5, 1),
(66, 'F', 6, 1),
(67, 'F', 7, 1),
(68, 'F', 8, 1),
(69, 'F', 9, 1),
(70, 'F', 10, 1),
(71, 'F', 11, 1),
(72, 'F', 12, 1),
(73, 'G', 1, 1),
(74, 'G', 2, 1),
(75, 'G', 3, 1),
(76, 'G', 4, 1),
(77, 'G', 5, 1),
(78, 'G', 6, 1),
(79, 'G', 7, 1),
(80, 'G', 8, 1),
(81, 'G', 9, 1),
(82, 'G', 10, 1),
(83, 'G', 11, 1),
(84, 'G', 12, 1),
(85, 'H', 1, 1),
(86, 'H', 2, 1),
(87, 'H', 3, 1),
(88, 'H', 4, 1),
(89, 'H', 5, 1),
(90, 'H', 6, 1),
(91, 'H', 7, 1),
(92, 'H', 8, 1),
(93, 'H', 9, 1),
(94, 'H', 10, 1),
(95, 'H', 11, 1),
(96, 'H', 12, 1),
(97, 'I', 1, 1),
(98, 'I', 2, 1),
(99, 'I', 3, 1),
(100, 'I', 4, 1),
(101, 'I', 5, 1),
(102, 'I', 6, 1),
(103, 'I', 7, 1),
(104, 'I', 8, 1),
(105, 'I', 9, 1),
(106, 'I', 10, 1),
(107, 'I', 11, 1),
(108, 'I', 12, 1),
(109, 'J', 1, 1),
(110, 'J', 2, 1),
(111, 'J', 3, 1),
(112, 'J', 4, 1),
(113, 'J', 5, 1),
(114, 'J', 6, 1),
(115, 'J', 7, 1),
(116, 'J', 8, 1),
(117, 'J', 9, 1),
(118, 'J', 10, 1),
(119, 'J', 11, 1),
(120, 'J', 12, 1),
(121, 'A', 1, 2),
(122, 'A', 2, 2),
(123, 'A', 3, 2),
(124, 'A', 4, 2),
(125, 'A', 5, 2),
(126, 'A', 6, 2),
(127, 'A', 7, 2),
(128, 'A', 8, 2),
(129, 'A', 9, 2),
(130, 'A', 10, 2),
(131, 'A', 11, 2),
(132, 'A', 12, 2),
(133, 'B', 1, 2),
(134, 'B', 2, 2),
(135, 'B', 3, 2),
(136, 'B', 4, 2),
(137, 'B', 5, 2),
(138, 'B', 6, 2),
(139, 'B', 7, 2),
(140, 'B', 8, 2),
(141, 'B', 9, 2),
(142, 'B', 10, 2),
(143, 'B', 11, 2),
(144, 'B', 12, 2),
(145, 'C', 1, 2),
(146, 'C', 2, 2),
(147, 'C', 3, 2),
(148, 'C', 4, 2),
(149, 'C', 5, 2),
(150, 'C', 6, 2),
(151, 'C', 7, 2),
(152, 'C', 8, 2),
(153, 'C', 9, 2),
(154, 'C', 10, 2),
(155, 'C', 11, 2),
(156, 'C', 12, 2),
(157, 'D', 1, 2),
(158, 'D', 2, 2),
(159, 'D', 3, 2),
(160, 'D', 4, 2),
(161, 'D', 5, 2),
(162, 'D', 6, 2),
(163, 'D', 7, 2),
(164, 'D', 8, 2),
(165, 'D', 9, 2),
(166, 'D', 10, 2),
(167, 'D', 11, 2),
(168, 'D', 12, 2),
(169, 'E', 1, 2),
(170, 'E', 2, 2),
(171, 'E', 3, 2),
(172, 'E', 4, 2),
(173, 'E', 5, 2),
(174, 'E', 6, 2),
(175, 'E', 7, 2),
(176, 'E', 8, 2),
(177, 'E', 9, 2),
(178, 'E', 10, 2),
(179, 'E', 11, 2),
(180, 'E', 12, 2),
(181, 'F', 1, 2),
(182, 'F', 2, 2),
(183, 'F', 3, 2),
(184, 'F', 4, 2),
(185, 'F', 5, 2),
(186, 'F', 6, 2),
(187, 'F', 7, 2),
(188, 'F', 8, 2),
(189, 'F', 9, 2),
(190, 'F', 10, 2),
(191, 'F', 11, 2),
(192, 'F', 12, 2),
(193, 'G', 1, 2),
(194, 'G', 2, 2),
(195, 'G', 3, 2),
(196, 'G', 4, 2),
(197, 'G', 5, 2),
(198, 'G', 6, 2),
(199, 'G', 7, 2),
(200, 'G', 8, 2),
(201, 'G', 9, 2),
(202, 'G', 10, 2),
(203, 'G', 11, 2),
(204, 'G', 12, 2),
(205, 'H', 1, 2),
(206, 'H', 2, 2),
(207, 'H', 3, 2),
(208, 'H', 4, 2),
(209, 'H', 5, 2),
(210, 'H', 6, 2),
(211, 'H', 7, 2),
(212, 'H', 8, 2),
(213, 'H', 9, 2),
(214, 'H', 10, 2),
(215, 'H', 11, 2),
(216, 'H', 12, 2),
(217, 'I', 1, 2),
(218, 'I', 2, 2),
(219, 'I', 3, 2),
(220, 'I', 4, 2),
(221, 'I', 5, 2),
(222, 'I', 6, 2),
(223, 'I', 7, 2),
(224, 'I', 8, 2),
(225, 'I', 9, 2),
(226, 'I', 10, 2),
(227, 'I', 11, 2),
(228, 'I', 12, 2),
(229, 'J', 1, 2),
(230, 'J', 2, 2),
(231, 'J', 3, 2),
(232, 'J', 4, 2),
(233, 'J', 5, 2),
(234, 'J', 6, 2),
(235, 'J', 7, 2),
(236, 'J', 8, 2),
(237, 'J', 9, 2),
(238, 'J', 10, 2),
(239, 'J', 11, 2),
(240, 'J', 12, 2),
(241, 'A', 1, 3),
(242, 'A', 2, 3),
(243, 'A', 3, 3),
(244, 'A', 4, 3),
(245, 'A', 5, 3),
(246, 'A', 6, 3),
(247, 'A', 7, 3),
(248, 'A', 8, 3),
(249, 'A', 9, 3),
(250, 'A', 10, 3),
(251, 'A', 11, 3),
(252, 'A', 12, 3),
(253, 'B', 1, 3),
(254, 'B', 2, 3),
(255, 'B', 3, 3),
(256, 'B', 4, 3),
(257, 'B', 5, 3),
(258, 'B', 6, 3),
(259, 'B', 7, 3),
(260, 'B', 8, 3),
(261, 'B', 9, 3),
(262, 'B', 10, 3),
(263, 'B', 11, 3),
(264, 'B', 12, 3),
(265, 'C', 1, 3),
(266, 'C', 2, 3),
(267, 'C', 3, 3),
(268, 'C', 4, 3),
(269, 'C', 5, 3),
(270, 'C', 6, 3),
(271, 'C', 7, 3),
(272, 'C', 8, 3),
(273, 'C', 9, 3),
(274, 'C', 10, 3),
(275, 'C', 11, 3),
(276, 'C', 12, 3),
(277, 'D', 1, 3),
(278, 'D', 2, 3),
(279, 'D', 3, 3),
(280, 'D', 4, 3),
(281, 'D', 5, 3),
(282, 'D', 6, 3),
(283, 'D', 7, 3),
(284, 'D', 8, 3),
(285, 'D', 9, 3),
(286, 'D', 10, 3),
(287, 'D', 11, 3),
(288, 'D', 12, 3),
(289, 'E', 1, 3),
(290, 'E', 2, 3),
(291, 'E', 3, 3),
(292, 'E', 4, 3),
(293, 'E', 5, 3),
(294, 'E', 6, 3),
(295, 'E', 7, 3),
(296, 'E', 8, 3),
(297, 'E', 9, 3),
(298, 'E', 10, 3),
(299, 'E', 11, 3),
(300, 'E', 12, 3),
(301, 'F', 1, 3),
(302, 'F', 2, 3),
(303, 'F', 3, 3),
(304, 'F', 4, 3),
(305, 'F', 5, 3),
(306, 'F', 6, 3),
(307, 'F', 7, 3),
(308, 'F', 8, 3),
(309, 'F', 9, 3),
(310, 'F', 10, 3),
(311, 'F', 11, 3),
(312, 'F', 12, 3),
(313, 'G', 1, 3),
(314, 'G', 2, 3),
(315, 'G', 3, 3),
(316, 'G', 4, 3),
(317, 'G', 5, 3),
(318, 'G', 6, 3),
(319, 'G', 7, 3),
(320, 'G', 8, 3),
(321, 'G', 9, 3),
(322, 'G', 10, 3),
(323, 'G', 11, 3),
(324, 'G', 12, 3),
(325, 'H', 1, 3),
(326, 'H', 2, 3),
(327, 'H', 3, 3),
(328, 'H', 4, 3),
(329, 'H', 5, 3),
(330, 'H', 6, 3),
(331, 'H', 7, 3),
(332, 'H', 8, 3),
(333, 'H', 9, 3),
(334, 'H', 10, 3),
(335, 'H', 11, 3),
(336, 'H', 12, 3),
(337, 'I', 1, 3),
(338, 'I', 2, 3),
(339, 'I', 3, 3),
(340, 'I', 4, 3),
(341, 'I', 5, 3),
(342, 'I', 6, 3),
(343, 'I', 7, 3),
(344, 'I', 8, 3),
(345, 'I', 9, 3),
(346, 'I', 10, 3),
(347, 'I', 11, 3),
(348, 'I', 12, 3),
(349, 'J', 1, 3),
(350, 'J', 2, 3),
(351, 'J', 3, 3),
(352, 'J', 4, 3),
(353, 'J', 5, 3),
(354, 'J', 6, 3),
(355, 'J', 7, 3),
(356, 'J', 8, 3),
(357, 'J', 9, 3),
(358, 'J', 10, 3),
(359, 'J', 11, 3),
(360, 'J', 12, 3),
(361, 'A', 1, 4),
(362, 'A', 2, 4),
(363, 'A', 3, 4),
(364, 'A', 4, 4),
(365, 'A', 5, 4),
(366, 'A', 6, 4),
(367, 'A', 7, 4),
(368, 'A', 8, 4),
(369, 'A', 9, 4),
(370, 'A', 10, 4),
(371, 'A', 11, 4),
(372, 'A', 12, 4),
(373, 'B', 1, 4),
(374, 'B', 2, 4),
(375, 'B', 3, 4),
(376, 'B', 4, 4),
(377, 'B', 5, 4),
(378, 'B', 6, 4),
(379, 'B', 7, 4),
(380, 'B', 8, 4),
(381, 'B', 9, 4),
(382, 'B', 10, 4),
(383, 'B', 11, 4),
(384, 'B', 12, 4),
(385, 'C', 1, 4),
(386, 'C', 2, 4),
(387, 'C', 3, 4),
(388, 'C', 4, 4),
(389, 'C', 5, 4),
(390, 'C', 6, 4),
(391, 'C', 7, 4),
(392, 'C', 8, 4),
(393, 'C', 9, 4),
(394, 'C', 10, 4),
(395, 'C', 11, 4),
(396, 'C', 12, 4),
(397, 'D', 1, 4),
(398, 'D', 2, 4),
(399, 'D', 3, 4),
(400, 'D', 4, 4),
(401, 'D', 5, 4),
(402, 'D', 6, 4),
(403, 'D', 7, 4),
(404, 'D', 8, 4),
(405, 'D', 9, 4),
(406, 'D', 10, 4),
(407, 'D', 11, 4),
(408, 'D', 12, 4),
(409, 'E', 1, 4),
(410, 'E', 2, 4),
(411, 'E', 3, 4),
(412, 'E', 4, 4),
(413, 'E', 5, 4),
(414, 'E', 6, 4),
(415, 'E', 7, 4),
(416, 'E', 8, 4),
(417, 'E', 9, 4),
(418, 'E', 10, 4),
(419, 'E', 11, 4),
(420, 'E', 12, 4),
(421, 'F', 1, 4),
(422, 'F', 2, 4),
(423, 'F', 3, 4),
(424, 'F', 4, 4),
(425, 'F', 5, 4),
(426, 'F', 6, 4),
(427, 'F', 7, 4),
(428, 'F', 8, 4),
(429, 'F', 9, 4),
(430, 'F', 10, 4),
(431, 'F', 11, 4),
(432, 'F', 12, 4),
(433, 'G', 1, 4),
(434, 'G', 2, 4),
(435, 'G', 3, 4),
(436, 'G', 4, 4),
(437, 'G', 5, 4),
(438, 'G', 6, 4),
(439, 'G', 7, 4),
(440, 'G', 8, 4),
(441, 'G', 9, 4),
(442, 'G', 10, 4),
(443, 'G', 11, 4),
(444, 'G', 12, 4),
(445, 'H', 1, 4),
(446, 'H', 2, 4),
(447, 'H', 3, 4),
(448, 'H', 4, 4),
(449, 'H', 5, 4),
(450, 'H', 6, 4),
(451, 'H', 7, 4),
(452, 'H', 8, 4),
(453, 'H', 9, 4),
(454, 'H', 10, 4),
(455, 'H', 11, 4),
(456, 'H', 12, 4),
(457, 'I', 1, 4),
(458, 'I', 2, 4),
(459, 'I', 3, 4),
(460, 'I', 4, 4),
(461, 'I', 5, 4),
(462, 'I', 6, 4),
(463, 'I', 7, 4),
(464, 'I', 8, 4),
(465, 'I', 9, 4),
(466, 'I', 10, 4),
(467, 'I', 11, 4),
(468, 'I', 12, 4),
(469, 'J', 1, 4),
(470, 'J', 2, 4),
(471, 'J', 3, 4),
(472, 'J', 4, 4),
(473, 'J', 5, 4),
(474, 'J', 6, 4),
(475, 'J', 7, 4),
(476, 'J', 8, 4),
(477, 'J', 9, 4),
(478, 'J', 10, 4),
(479, 'J', 11, 4),
(480, 'J', 12, 4),
(481, 'A', 1, 5),
(482, 'A', 2, 5),
(483, 'A', 3, 5),
(484, 'A', 4, 5),
(485, 'A', 5, 5),
(486, 'A', 6, 5),
(487, 'A', 7, 5),
(488, 'A', 8, 5),
(489, 'A', 9, 5),
(490, 'A', 10, 5),
(491, 'A', 11, 5),
(492, 'A', 12, 5),
(493, 'B', 1, 5),
(494, 'B', 2, 5),
(495, 'B', 3, 5),
(496, 'B', 4, 5),
(497, 'B', 5, 5),
(498, 'B', 6, 5),
(499, 'B', 7, 5),
(500, 'B', 8, 5),
(501, 'B', 9, 5),
(502, 'B', 10, 5),
(503, 'B', 11, 5),
(504, 'B', 12, 5),
(505, 'C', 1, 5),
(506, 'C', 2, 5),
(507, 'C', 3, 5),
(508, 'C', 4, 5),
(509, 'C', 5, 5),
(510, 'C', 6, 5),
(511, 'C', 7, 5),
(512, 'C', 8, 5),
(513, 'C', 9, 5),
(514, 'C', 10, 5),
(515, 'C', 11, 5),
(516, 'C', 12, 5),
(517, 'D', 1, 5),
(518, 'D', 2, 5),
(519, 'D', 3, 5),
(520, 'D', 4, 5),
(521, 'D', 5, 5),
(522, 'D', 6, 5),
(523, 'D', 7, 5),
(524, 'D', 8, 5),
(525, 'D', 9, 5),
(526, 'D', 10, 5),
(527, 'D', 11, 5),
(528, 'D', 12, 5),
(529, 'E', 1, 5),
(530, 'E', 2, 5),
(531, 'E', 3, 5),
(532, 'E', 4, 5),
(533, 'E', 5, 5),
(534, 'E', 6, 5),
(535, 'E', 7, 5),
(536, 'E', 8, 5),
(537, 'E', 9, 5),
(538, 'E', 10, 5),
(539, 'E', 11, 5),
(540, 'E', 12, 5),
(541, 'F', 1, 5),
(542, 'F', 2, 5),
(543, 'F', 3, 5),
(544, 'F', 4, 5),
(545, 'F', 5, 5),
(546, 'F', 6, 5),
(547, 'F', 7, 5),
(548, 'F', 8, 5),
(549, 'F', 9, 5),
(550, 'F', 10, 5),
(551, 'F', 11, 5),
(552, 'F', 12, 5),
(553, 'G', 1, 5),
(554, 'G', 2, 5),
(555, 'G', 3, 5),
(556, 'G', 4, 5),
(557, 'G', 5, 5),
(558, 'G', 6, 5),
(559, 'G', 7, 5),
(560, 'G', 8, 5),
(561, 'G', 9, 5),
(562, 'G', 10, 5),
(563, 'G', 11, 5),
(564, 'G', 12, 5),
(565, 'H', 1, 5),
(566, 'H', 2, 5),
(567, 'H', 3, 5),
(568, 'H', 4, 5),
(569, 'H', 5, 5),
(570, 'H', 6, 5),
(571, 'H', 7, 5),
(572, 'H', 8, 5),
(573, 'H', 9, 5),
(574, 'H', 10, 5),
(575, 'H', 11, 5),
(576, 'H', 12, 5),
(577, 'I', 1, 5),
(578, 'I', 2, 5),
(579, 'I', 3, 5),
(580, 'I', 4, 5),
(581, 'I', 5, 5),
(582, 'I', 6, 5),
(583, 'I', 7, 5),
(584, 'I', 8, 5),
(585, 'I', 9, 5),
(586, 'I', 10, 5),
(587, 'I', 11, 5),
(588, 'I', 12, 5),
(589, 'J', 1, 5),
(590, 'J', 2, 5),
(591, 'J', 3, 5),
(592, 'J', 4, 5),
(593, 'J', 5, 5),
(594, 'J', 6, 5),
(595, 'J', 7, 5),
(596, 'J', 8, 5),
(597, 'J', 9, 5),
(598, 'J', 10, 5),
(599, 'J', 11, 5),
(600, 'J', 12, 5);

INSERT INTO shows (showID, showDate, startTime, movieID, theatreID) VALUES
(1, '2022-06-26', '10:00:00', 1, 1),
(2, '2022-06-26', '13:00:00', 1, 1),
(3, '2022-06-26', '16:00:00', 1, 1),
(4, '2022-06-26', '19:00:00', 1, 1),
(5, '2022-06-26', '22:00:00', 1, 1),
(6, '2022-06-26', '11:00:00', 1, 2),
(7, '2022-06-26', '14:00:00', 1, 2),
(8, '2022-06-26', '18:00:00', 1, 2),
(9, '2022-06-26', '21:00:00', 1, 2),
(10, '2022-06-26', '11:00:00', 1, 3),
(11, '2022-06-26', '14:00:00', 1, 3),
(12, '2022-06-26', '17:00:00', 1, 3),
(13, '2022-06-26', '20:00:00', 1, 3),
(14, '2022-06-26', '22:30:00', 1, 3),
(15, '2022-06-26', '11:30:00', 1, 4),
(16, '2022-06-26', '14:30:00', 1, 4),
(17, '2022-06-26', '18:30:00', 1, 4),
(18, '2022-06-26', '21:30:00', 1, 4),
(19, '2022-06-26', '10:30:00', 1, 5),
(20, '2022-06-26', '12:45:00', 1, 5),
(21, '2022-06-26', '17:00:00', 1, 5),
(22, '2022-06-26', '20:30:00', 1, 5),
(23, '2022-06-26', '23:00:00', 1, 5);
(24, '2022-06-26', '10:00:00', 2, 1),
(25, '2022-06-26', '13:00:00', 2, 1),
(26, '2022-06-26', '16:00:00', 2, 1),
(27, '2022-06-26', '19:00:00', 2, 1),
(28, '2022-06-26', '22:00:00', 2, 1),
(29, '2022-06-26', '11:00:00', 2, 2),
(30, '2022-06-26', '14:00:00', 2, 2),
(31, '2022-06-26', '18:00:00', 2, 2),
(32, '2022-06-26', '21:00:00', 2, 2),
(33, '2022-06-26', '11:00:00', 2, 3),
(34, '2022-06-26', '14:00:00', 2, 3),
(35, '2022-06-26', '17:00:00', 2, 3),
(36, '2022-06-26', '20:00:00', 2, 3),
(37, '2022-06-26', '22:30:00', 2, 3),
(38, '2022-06-26', '11:30:00', 2, 4),
(39, '2022-06-26', '14:30:00', 2, 4),
(40, '2022-06-26', '18:30:00', 2, 4),
(41, '2022-06-26', '21:30:00', 2, 4),
(42, '2022-06-26', '10:30:00', 2, 5),
(43, '2022-06-26', '12:45:00', 2, 5),
(44, '2022-06-26', '17:00:00', 2, 5),
(45, '2022-06-26', '20:30:00', 2, 5),
(46, '2022-06-26', '23:00:00', 2, 5),
(47, '2022-06-26', '10:00:00', 3, 1),
(48, '2022-06-26', '13:00:00', 3, 1),
(49, '2022-06-26', '16:00:00', 3, 1),
(50, '2022-06-26', '19:00:00', 3, 1),
(51, '2022-06-26', '22:00:00', 3, 1),
(52, '2022-06-26', '11:00:00', 3, 2),
(53, '2022-06-26', '14:00:00', 3, 2),
(54, '2022-06-26', '18:00:00', 3, 2),
(55, '2022-06-26', '21:00:00', 3, 2),
(56, '2022-06-26', '11:00:00', 3, 3),
(57, '2022-06-26', '14:00:00', 3, 3),
(58, '2022-06-26', '17:00:00', 3, 3),
(59, '2022-06-26', '20:00:00', 3, 3),
(60, '2022-06-26', '22:30:00', 3, 3),
(61, '2022-06-26', '11:30:00', 3, 4),
(62, '2022-06-26', '14:30:00', 3, 4),
(63, '2022-06-26', '18:30:00', 3, 4),
(64, '2022-06-26', '21:30:00', 3, 4),
(65, '2022-06-26', '10:30:00', 3, 5),
(66, '2022-06-26', '12:45:00', 3, 5),
(67, '2022-06-26', '17:00:00', 3, 5),
(68, '2022-06-26', '20:30:00', 3, 5),
(69, '2022-06-26', '23:00:00', 3, 5),
(70, '2022-06-26', '10:00:00', 4, 1),
(71, '2022-06-26', '13:00:00', 4, 1),
(72, '2022-06-26', '16:00:00', 4, 1),
(73, '2022-06-26', '19:00:00', 4, 1),
(74, '2022-06-26', '22:00:00', 4, 1),
(75, '2022-06-26', '11:00:00', 4, 2),
(76, '2022-06-26', '14:00:00', 4, 2),
(77, '2022-06-26', '18:00:00', 4, 2),
(78, '2022-06-26', '21:00:00', 4, 2),
(79, '2022-06-26', '11:00:00', 4, 3),
(80, '2022-06-26', '14:00:00', 4, 3),
(81, '2022-06-26', '17:00:00', 4, 3),
(82, '2022-06-26', '20:00:00', 4, 3),
(83, '2022-06-26', '22:30:00', 4, 3),
(84, '2022-06-26', '11:30:00', 4, 4),
(85, '2022-06-26', '14:30:00', 4, 4),
(86, '2022-06-26', '18:30:00', 4, 4),
(87, '2022-06-26', '21:30:00', 4, 4),
(88, '2022-06-26', '10:30:00', 4, 5),
(89, '2022-06-26', '12:45:00', 4, 5),
(90, '2022-06-26', '17:00:00', 4, 5),
(91, '2022-06-26', '20:30:00', 4, 5),
(92, '2022-06-26', '23:00:00', 4, 5);


INSERT INTO user (userID, name, email, password, phone) VALUES
(1, 'Vineela', 'vineelak@gmail.com', 'hello20', '9876543210'),
(2, 'Nikhil', 'nikhil@gmail.com', 'hello26', '9876543210'),
(3, 'Manas', 'manas@gmail.com', 'hello31', '9876543210'),
(4, 'Fatima', 'fatima@gmail.com', 'hello10', '9876543210'),
(5, 'Sneha', 'sneha@gmail.com', 'hello32', '9876543210');


INSERT INTO booking (bookingID, numOfSeats, userID, showID) VALUES 
(1, 1, 1, 1),
(2, 2, 2, 1),
(3, 3, 3, 1),
(4, 4, 4, 1),
(5, 5, 5, 1),
(6, 1, 1, 2),
(7, 2, 2, 2),
(8, 3, 3, 2),
(9, 4, 4, 2),
(10, 5, 5, 2),
(11, 1, 1, 3),
(12, 2, 2, 3),
(13, 3, 3, 3),
(14, 4, 4, 3),
(15, 5, 5, 3),
(16, 1, 1, 4),
(17, 2, 2, 4),
(18, 3, 3, 4),
(19, 4, 4, 4),
(20, 5, 5, 4),
(21, 1, 1, 5),
(22, 2, 2, 5),
(23, 3, 3, 5),
(24, 4, 4, 5),
(25, 5, 5, 5),
(26, 1, 1, 6),
(27, 2, 2, 6),
(28, 3, 3, 6),
(29, 4, 4, 6),
(30, 5, 5, 6),
(31, 1, 1, 7),
(32, 2, 2, 7),
(33, 3, 3, 7),
(34, 4, 4, 7),
(35, 5, 5, 7),
(36, 1, 1, 8),
(37, 2, 2, 8),
(38, 3, 3, 8),
(39, 4, 4, 8),
(40, 5, 5, 8),
(41, 1, 1, 9),
(42, 2, 2, 9),
(43, 3, 3, 9),
(44, 4, 4, 9),
(45, 5, 5, 9),
(46, 1, 1, 10),
(47, 2, 2, 10),
(48, 3, 3, 10),
(49, 4, 4, 10),
(50, 5, 5, 10),
(51, 1, 1, 11),
(52, 2, 2, 11),
(53, 3, 3, 11),
(54, 4, 4, 11),
(55, 5, 5, 11),
(56, 1, 1, 12),
(57, 2, 2, 12),
(58, 3, 3, 12),
(59, 4, 4, 12),
(60, 5, 5, 12),
(61, 1, 1, 13),
(62, 2, 2, 13),
(63, 3, 3, 13),
(64, 4, 4, 13),
(65, 5, 5, 13),
(66, 1, 1, 14),
(67, 2, 2, 14),
(68, 3, 3, 14),
(69, 4, 4, 14),
(70, 5, 5, 14),
(71, 1, 1, 15),
(72, 2, 2, 15),
(73, 3, 3, 15),
(74, 4, 4, 15),
(75, 5, 5, 15),
(76, 1, 1, 16),
(77, 2, 2, 16),
(78, 3, 3, 16),
(79, 4, 4, 16),
(80, 5, 5, 16),
(81, 1, 1, 17),
(82, 2, 2, 17),
(83, 3, 3, 17),
(84, 4, 4, 17),
(85, 5, 5, 17),
(86, 1, 1, 18),
(87, 2, 2, 18),
(88, 3, 3, 18),
(89, 4, 4, 18),
(90, 5, 5, 18),
(91, 1, 1, 19),
(92, 2, 2, 19),
(93, 3, 3, 19),
(94, 4, 4, 19),
(95, 5, 5, 19),
(96, 1, 1, 20),
(97, 2, 2, 20),
(98, 3, 3, 20),
(99, 4, 4, 20),
(100, 5, 5, 20),
(101, 1, 1, 21),
(102, 2, 2, 21),
(103, 3, 3, 21),
(104, 4, 4, 21),
(105, 5, 5, 21),
(106, 1, 1, 22),
(107, 2, 2, 22),
(108, 3, 3, 22),
(109, 4, 4, 22),
(110, 5, 5, 22),
(111, 1, 1, 23),
(112, 2, 2, 23),
(113, 3, 3, 23),
(114, 4, 4, 23),
(115, 5, 5, 23),
(116, 1, 1, 24),
(117, 2, 2, 24),
(118, 3, 3, 24),
(119, 4, 4, 24),
(120, 5, 5, 24),
(121, 1, 1, 25),
(122, 2, 2, 25),
(123, 3, 3, 25),
(124, 4, 4, 25),
(125, 5, 5, 25),
(126, 1, 1, 26),
(127, 2, 2, 26),
(128, 3, 3, 26),
(129, 4, 4, 26),
(130, 5, 5, 26),
(131, 1, 1, 27),
(132, 2, 2, 27),
(133, 3, 3, 27),
(134, 4, 4, 27),
(135, 5, 5, 27),
(136, 1, 1, 28),
(137, 2, 2, 28),
(138, 3, 3, 28),
(139, 4, 4, 28),
(140, 5, 5, 28),
(141, 1, 1, 29),
(142, 2, 2, 29),
(143, 3, 3, 29),
(144, 4, 4, 29),
(145, 5, 5, 29),
(146, 1, 1, 30),
(147, 2, 2, 30),
(148, 3, 3, 30),
(149, 4, 4, 30),
(150, 5, 5, 30),
(151, 1, 1, 31),
(152, 2, 2, 31),
(153, 3, 3, 31),
(154, 4, 4, 31),
(155, 5, 5, 31),
(156, 1, 1, 32),
(157, 2, 2, 32),
(158, 3, 3, 32),
(159, 4, 4, 32),
(160, 5, 5, 32),
(161, 1, 1, 33),
(162, 2, 2, 33),
(163, 3, 3, 33),
(164, 4, 4, 33),
(165, 5, 5, 33),
(166, 1, 1, 34),
(167, 2, 2, 34),
(168, 3, 3, 34),
(169, 4, 4, 34),
(170, 5, 5, 34),
(171, 1, 1, 35),
(172, 2, 2, 35),
(173, 3, 3, 35),
(174, 4, 4, 35),
(175, 5, 5, 35),
(176, 1, 1, 36),
(177, 2, 2, 36),
(178, 3, 3, 36),
(179, 4, 4, 36),
(180, 5, 5, 36),
(181, 1, 1, 37),
(182, 2, 2, 37),
(183, 3, 3, 37),
(184, 4, 4, 37),
(185, 5, 5, 37),
(186, 1, 1, 38),
(187, 2, 2, 38),
(188, 3, 3, 38),
(189, 4, 4, 38),
(190, 5, 5, 38),
(191, 1, 1, 39),
(192, 2, 2, 39),
(193, 3, 3, 39),
(194, 4, 4, 39),
(195, 5, 5, 39),
(196, 1, 1, 40),
(197, 2, 2, 40),
(198, 3, 3, 40),
(199, 4, 4, 40),
(200, 5, 5, 40),
(201, 1, 1, 41),
(202, 2, 2, 41),
(203, 3, 3, 41),
(204, 4, 4, 41),
(205, 5, 5, 41),
(206, 1, 1, 42),
(207, 2, 2, 42),
(208, 3, 3, 42),
(209, 4, 4, 42),
(210, 5, 5, 42),
(211, 1, 1, 43),
(212, 2, 2, 43),
(213, 3, 3, 43),
(214, 4, 4, 43),
(215, 5, 5, 43),
(216, 1, 1, 44),
(217, 2, 2, 44),
(218, 3, 3, 44),
(219, 4, 4, 44),
(220, 5, 5, 44),
(221, 1, 1, 45),
(222, 2, 2, 45),
(223, 3, 3, 45),
(224, 4, 4, 45),
(225, 5, 5, 45),
(226, 1, 1, 46),
(227, 2, 2, 46),
(228, 3, 3, 46),
(229, 4, 4, 46),
(230, 5, 5, 46),
(231, 1, 1, 47),
(232, 2, 2, 47),
(233, 3, 3, 47),
(234, 4, 4, 47),
(235, 5, 5, 47),
(236, 1, 1, 48),
(237, 2, 2, 48),
(238, 3, 3, 48),
(239, 4, 4, 48),
(240, 5, 5, 48),
(241, 1, 1, 49),
(242, 2, 2, 49),
(243, 3, 3, 49),
(244, 4, 4, 49),
(245, 5, 5, 49),
(246, 1, 1, 50),
(247, 2, 2, 50),
(248, 3, 3, 50),
(249, 4, 4, 50),
(250, 5, 5, 50),
(251, 1, 1, 51),
(252, 2, 2, 51),
(253, 3, 3, 51),
(254, 4, 4, 51),
(255, 5, 5, 51),
(256, 1, 1, 52),
(257, 2, 2, 52),
(258, 3, 3, 52),
(259, 4, 4, 52),
(260, 5, 5, 52),
(261, 1, 1, 53),
(262, 2, 2, 53),
(263, 3, 3, 53),
(264, 4, 4, 53),
(265, 5, 5, 53),
(266, 1, 1, 54),
(267, 2, 2, 54),
(268, 3, 3, 54),
(269, 4, 4, 54),
(270, 5, 5, 54),
(271, 1, 1, 55),
(272, 2, 2, 55),
(273, 3, 3, 55),
(274, 4, 4, 55),
(275, 5, 5, 55),
(276, 1, 1, 56),
(277, 2, 2, 56),
(278, 3, 3, 56),
(279, 4, 4, 56),
(280, 5, 5, 56),
(281, 1, 1, 57),
(282, 2, 2, 57),
(283, 3, 3, 57),
(284, 4, 4, 57),
(285, 5, 5, 57),
(286, 1, 1, 58),
(287, 2, 2, 58),
(288, 3, 3, 58),
(289, 4, 4, 58),
(290, 5, 5, 58),
(291, 1, 1, 59),
(292, 2, 2, 59),
(293, 3, 3, 59),
(294, 4, 4, 59),
(295, 5, 5, 59),
(296, 1, 1, 60),
(297, 2, 2, 60),
(298, 3, 3, 60),
(299, 4, 4, 60),
(300, 5, 5, 60),
(301, 1, 1, 61),
(302, 2, 2, 61),
(303, 3, 3, 61),
(304, 4, 4, 61),
(305, 5, 5, 61),
(306, 1, 1, 62),
(307, 2, 2, 62),
(308, 3, 3, 62),
(309, 4, 4, 62),
(310, 5, 5, 62),
(311, 1, 1, 63),
(312, 2, 2, 63),
(313, 3, 3, 63),
(314, 4, 4, 63),
(315, 5, 5, 63),
(316, 1, 1, 64),
(317, 2, 2, 64),
(318, 3, 3, 64),
(319, 4, 4, 64),
(320, 5, 5, 64),
(321, 1, 1, 65),
(322, 2, 2, 65),
(323, 3, 3, 65),
(324, 4, 4, 65),
(325, 5, 5, 65),
(326, 1, 1, 66),
(327, 2, 2, 66),
(328, 3, 3, 66),
(329, 4, 4, 66),
(330, 5, 5, 66),
(331, 1, 1, 67),
(332, 2, 2, 67),
(333, 3, 3, 67),
(334, 4, 4, 67),
(335, 5, 5, 67),
(336, 1, 1, 68),
(337, 2, 2, 68),
(338, 3, 3, 68),
(339, 4, 4, 68),
(340, 5, 5, 68),
(341, 1, 1, 69),
(342, 2, 2, 69),
(343, 3, 3, 69),
(344, 4, 4, 69),
(345, 5, 5, 69),
(346, 1, 1, 70),
(347, 2, 2, 70),
(348, 3, 3, 70),
(349, 4, 4, 70),
(350, 5, 5, 70),
(351, 1, 1, 71),
(352, 2, 2, 71),
(353, 3, 3, 71),
(354, 4, 4, 71),
(355, 5, 5, 71),
(356, 1, 1, 72),
(357, 2, 2, 72),
(358, 3, 3, 72),
(359, 4, 4, 72),
(360, 5, 5, 72),
(361, 1, 1, 73),
(362, 2, 2, 73),
(363, 3, 3, 73),
(364, 4, 4, 73),
(365, 5, 5, 73),
(366, 1, 1, 74),
(367, 2, 2, 74),
(368, 3, 3, 74),
(369, 4, 4, 74),
(370, 5, 5, 74),
(371, 1, 1, 75),
(372, 2, 2, 75),
(373, 3, 3, 75),
(374, 4, 4, 75),
(375, 5, 5, 75),
(376, 1, 1, 76),
(377, 2, 2, 76),
(378, 3, 3, 76),
(379, 4, 4, 76),
(380, 5, 5, 76),
(381, 1, 1, 77),
(382, 2, 2, 77),
(383, 3, 3, 77),
(384, 4, 4, 77),
(385, 5, 5, 77),
(386, 1, 1, 78),
(387, 2, 2, 78),
(388, 3, 3, 78),
(389, 4, 4, 78),
(390, 5, 5, 78),
(391, 1, 1, 79),
(392, 2, 2, 79),
(393, 3, 3, 79),
(394, 4, 4, 79),
(395, 5, 5, 79),
(396, 1, 1, 80),
(397, 2, 2, 80),
(398, 3, 3, 80),
(399, 4, 4, 80),
(400, 5, 5, 80),
(401, 1, 1, 81),
(402, 2, 2, 81),
(403, 3, 3, 81),
(404, 4, 4, 81),
(405, 5, 5, 81),
(406, 1, 1, 82),
(407, 2, 2, 82),
(408, 3, 3, 82),
(409, 4, 4, 82),
(410, 5, 5, 82),
(411, 1, 1, 83),
(412, 2, 2, 83),
(413, 3, 3, 83),
(414, 4, 4, 83),
(415, 5, 5, 83),
(416, 1, 1, 84),
(417, 2, 2, 84),
(418, 3, 3, 84),
(419, 4, 4, 84),
(420, 5, 5, 84),
(421, 1, 1, 85),
(422, 2, 2, 85),
(423, 3, 3, 85),
(424, 4, 4, 85),
(425, 5, 5, 85),
(426, 1, 1, 86),
(427, 2, 2, 86),
(428, 3, 3, 86),
(429, 4, 4, 86),
(430, 5, 5, 86),
(431, 1, 1, 87),
(432, 2, 2, 87),
(433, 3, 3, 87),
(434, 4, 4, 87),
(435, 5, 5, 87),
(436, 1, 1, 88),
(437, 2, 2, 88),
(438, 3, 3, 88),
(439, 4, 4, 88),
(440, 5, 5, 88),
(441, 1, 1, 89),
(442, 2, 2, 89),
(443, 3, 3, 89),
(444, 4, 4, 89),
(445, 5, 5, 89),
(446, 1, 1, 90),
(447, 2, 2, 90),
(448, 3, 3, 90),
(449, 4, 4, 90),
(450, 5, 5, 90),
(451, 1, 1, 91),
(452, 2, 2, 91),
(453, 3, 3, 91),
(454, 4, 4, 91),
(455, 5, 5, 91),
(456, 1, 1, 92),
(457, 2, 2, 92),
(458, 3, 3, 92),
(459, 4, 4, 92),
(460, 5, 5, 92);


INSERT INTO show_seat (showseatID, showID, seatID, bookingID) VALUES
(1, 1, 1, 1),
(2, 1, 5, 2),
(3, 1, 6, 2),
(4, 1, 9, 3),
(5, 1, 10, 3),
(6, 1, 11, 3),
(7, 1, 34, 4),
(8, 1, 35, 4),
(9, 1, 36, 4),
(10, 1, 37, 4),
(11, 1, 61, 5),
(12, 1, 62, 5),
(13, 1, 63, 5),
(14, 1, 64, 5),
(15, 1, 65, 5),
(16, 2, 1, 1),
(17, 2, 5, 2),
(18, 2, 6, 2),
(19, 2, 9, 3),
(20, 2, 10, 3),
(21, 2, 11, 3),
(22, 2, 34, 4),
(23, 2, 35, 4),
(24, 2, 36, 4),
(25, 2, 37, 4),
(26, 2, 61, 5),
(27, 2, 62, 5),
(28, 2, 63, 5),
(29, 2, 64, 5),
(30, 2, 65, 5),
(31, 3, 1, 1),
(32, 3, 5, 2),
(33, 3, 6, 2),
(34, 3, 9, 3),
(35, 3, 10, 3),
(36, 3, 11, 3),
(37, 3, 34, 4),
(38, 3, 35, 4),
(39, 3, 36, 4),
(40, 3, 37, 4),
(41, 3, 61, 5),
(42, 3, 62, 5),
(43, 3, 63, 5),
(44, 3, 64, 5),
(45, 3, 65, 5),
(46, 4, 1, 1),
(47, 4, 5, 2),
(48, 4, 6, 2),
(49, 4, 9, 3),
(50, 4, 10, 3),
(51, 4, 11, 3),
(52, 4, 34, 4),
(53, 4, 35, 4),
(54, 4, 36, 4),
(55, 4, 37, 4),
(56, 4, 61, 5),
(57, 4, 62, 5),
(58, 4, 63, 5),
(59, 4, 64, 5),
(60, 4, 65, 5),
(61, 5, 1, 1),
(62, 5, 5, 2),
(63, 5, 6, 2),
(64, 5, 9, 3),
(65, 5, 10, 3),
(66, 5, 11, 3),
(67, 5, 34, 4),
(68, 5, 35, 4),
(69, 5, 36, 4),
(70, 5, 37, 4),
(71, 5, 61, 5),
(72, 5, 62, 5),
(73, 5, 63, 5),
(74, 5, 64, 5),
(75, 5, 65, 5),
(76, 6, 1, 1),
(77, 6, 5, 2),
(78, 6, 6, 2),
(79, 6, 9, 3),
(80, 6, 10, 3),
(81, 6, 11, 3),
(82, 6, 34, 4),
(83, 6, 35, 4),
(84, 6, 36, 4),
(85, 6, 37, 4),
(86, 6, 61, 5),
(87, 6, 62, 5),
(88, 6, 63, 5),
(89, 6, 64, 5),
(90, 6, 65, 5),
(91, 7, 1, 1),
(92, 7, 5, 2),
(93, 7, 6, 2),
(94, 7, 9, 3),
(95, 7, 10, 3),
(96, 7, 11, 3),
(97, 7, 34, 4),
(98, 7, 35, 4),
(99, 7, 36, 4),
(100, 7, 37, 4),
(101, 7, 61, 5),
(102, 7, 62, 5),
(103, 7, 63, 5),
(104, 7, 64, 5),
(105, 7, 65, 5),
(106, 8, 1, 1),
(107, 8, 5, 2),
(108, 8, 6, 2),
(109, 8, 9, 3),
(110, 8, 10, 3),
(111, 8, 11, 3),
(112, 8, 34, 4),
(113, 8, 35, 4),
(114, 8, 36, 4),
(115, 8, 37, 4),
(116, 8, 61, 5),
(117, 8, 62, 5),
(118, 8, 63, 5),
(119, 8, 64, 5),
(120, 8, 65, 5),
(121, 9, 1, 1),
(122, 9, 5, 2),
(123, 9, 6, 2),
(124, 9, 9, 3),
(125, 9, 10, 3),
(126, 9, 11, 3),
(127, 9, 34, 4),
(128, 9, 35, 4),
(129, 9, 36, 4),
(130, 9, 37, 4),
(131, 9, 61, 5),
(132, 9, 62, 5),
(133, 9, 63, 5),
(134, 9, 64, 5),
(135, 9, 65, 5),
(136, 10, 1, 1),
(137, 10, 5, 2),
(138, 10, 6, 2),
(139, 10, 9, 3),
(140, 10, 10, 3),
(141, 10, 11, 3),
(142, 10, 34, 4),
(143, 10, 35, 4),
(144, 10, 36, 4),
(145, 10, 37, 4),
(146, 10, 61, 5),
(147, 10, 62, 5),
(148, 10, 63, 5),
(149, 10, 64, 5),
(150, 10, 65, 5),
(151, 11, 1, 1),
(152, 11, 5, 2),
(153, 11, 6, 2),
(154, 11, 9, 3),
(155, 11, 10, 3),
(156, 11, 11, 3),
(157, 11, 34, 4),
(158, 11, 35, 4),
(159, 11, 36, 4),
(160, 11, 37, 4),
(161, 11, 61, 5),
(162, 11, 62, 5),
(163, 11, 63, 5),
(164, 11, 64, 5),
(165, 11, 65, 5),
(166, 12, 1, 1),
(167, 12, 5, 2),
(168, 12, 6, 2),
(169, 12, 9, 3),
(170, 12, 10, 3),
(171, 12, 11, 3),
(172, 12, 34, 4),
(173, 12, 35, 4),
(174, 12, 36, 4),
(175, 12, 37, 4),
(176, 12, 61, 5),
(177, 12, 62, 5),
(178, 12, 63, 5),
(179, 12, 64, 5),
(180, 12, 65, 5),
(181, 13, 1, 1),
(182, 13, 5, 2),
(183, 13, 6, 2),
(184, 13, 9, 3),
(185, 13, 10, 3),
(186, 13, 11, 3),
(187, 13, 34, 4),
(188, 13, 35, 4),
(189, 13, 36, 4),
(190, 13, 37, 4),
(191, 13, 61, 5),
(192, 13, 62, 5),
(193, 13, 63, 5),
(194, 13, 64, 5),
(195, 13, 65, 5),
(196, 14, 1, 1),
(197, 14, 5, 2),
(198, 14, 6, 2),
(199, 14, 9, 3),
(200, 14, 10, 3),
(201, 14, 11, 3),
(202, 14, 34, 4),
(203, 14, 35, 4),
(204, 14, 36, 4),
(205, 14, 37, 4),
(206, 14, 61, 5),
(207, 14, 62, 5),
(208, 14, 63, 5),
(209, 14, 64, 5),
(210, 14, 65, 5),
(211, 15, 1, 1),
(212, 15, 5, 2),
(213, 15, 6, 2),
(214, 15, 9, 3),
(215, 15, 10, 3),
(216, 15, 11, 3),
(217, 15, 34, 4),
(218, 15, 35, 4),
(219, 15, 36, 4),
(220, 15, 37, 4),
(221, 15, 61, 5),
(222, 15, 62, 5),
(223, 15, 63, 5),
(224, 15, 64, 5),
(225, 15, 65, 5),
(226, 16, 1, 1),
(227, 16, 5, 2),
(228, 16, 6, 2),
(229, 16, 9, 3),
(230, 16, 10, 3),
(231, 16, 11, 3),
(232, 16, 34, 4),
(233, 16, 35, 4),
(234, 16, 36, 4),
(235, 16, 37, 4),
(236, 16, 61, 5),
(237, 16, 62, 5),
(238, 16, 63, 5),
(239, 16, 64, 5),
(240, 16, 65, 5),
(241, 17, 1, 1),
(242, 17, 5, 2),
(243, 17, 6, 2),
(244, 17, 9, 3),
(245, 17, 10, 3),
(246, 17, 11, 3),
(247, 17, 34, 4),
(248, 17, 35, 4),
(249, 17, 36, 4),
(250, 17, 37, 4),
(251, 17, 61, 5),
(252, 17, 62, 5),
(253, 17, 63, 5),
(254, 17, 64, 5),
(255, 17, 65, 5),
(256, 18, 1, 1),
(257, 18, 5, 2),
(258, 18, 6, 2),
(259, 18, 9, 3),
(260, 18, 10, 3),
(261, 18, 11, 3),
(262, 18, 34, 4),
(263, 18, 35, 4),
(264, 18, 36, 4),
(265, 18, 37, 4),
(266, 18, 61, 5),
(267, 18, 62, 5),
(268, 18, 63, 5),
(269, 18, 64, 5),
(270, 18, 65, 5),
(271, 19, 1, 1),
(272, 19, 5, 2),
(273, 19, 6, 2),
(274, 19, 9, 3),
(275, 19, 10, 3),
(276, 19, 11, 3),
(277, 19, 34, 4),
(278, 19, 35, 4),
(279, 19, 36, 4),
(280, 19, 37, 4),
(281, 19, 61, 5),
(282, 19, 62, 5),
(283, 19, 63, 5),
(284, 19, 64, 5),
(285, 19, 65, 5),
(286, 20, 1, 1),
(287, 20, 5, 2),
(288, 20, 6, 2),
(289, 20, 9, 3),
(290, 20, 10, 3),
(291, 20, 11, 3),
(292, 20, 34, 4),
(293, 20, 35, 4),
(294, 20, 36, 4),
(295, 20, 37, 4),
(296, 20, 61, 5),
(297, 20, 62, 5),
(298, 20, 63, 5),
(299, 20, 64, 5),
(300, 20, 65, 5),
(301, 21, 1, 1),
(302, 21, 5, 2),
(303, 21, 6, 2),
(304, 21, 9, 3),
(305, 21, 10, 3),
(306, 21, 11, 3),
(307, 21, 34, 4),
(308, 21, 35, 4),
(309, 21, 36, 4),
(310, 21, 37, 4),
(311, 21, 61, 5),
(312, 21, 62, 5),
(313, 21, 63, 5),
(314, 21, 64, 5),
(315, 21, 65, 5),
(316, 22, 1, 1),
(317, 22, 5, 2),
(318, 22, 6, 2),
(319, 22, 9, 3),
(320, 22, 10, 3),
(321, 22, 11, 3),
(322, 22, 34, 4),
(323, 22, 35, 4),
(324, 22, 36, 4),
(325, 22, 37, 4),
(326, 22, 61, 5),
(327, 22, 62, 5),
(328, 22, 63, 5),
(329, 22, 64, 5),
(330, 22, 65, 5),
(331, 23, 1, 1),
(332, 23, 5, 2),
(333, 23, 6, 2),
(334, 23, 9, 3),
(335, 23, 10, 3),
(336, 23, 11, 3),
(337, 23, 34, 4),
(338, 23, 35, 4),
(339, 23, 36, 4),
(340, 23, 37, 4),
(341, 23, 61, 5),
(342, 23, 62, 5),
(343, 23, 63, 5),
(344, 23, 64, 5),
(345, 23, 65, 5),
(346, 24, 1, 1),
(347, 24, 5, 2),
(348, 24, 6, 2),
(349, 24, 9, 3),
(350, 24, 10, 3),
(351, 24, 11, 3),
(352, 24, 34, 4),
(353, 24, 35, 4),
(354, 24, 36, 4),
(355, 24, 37, 4),
(356, 24, 61, 5),
(357, 24, 62, 5),
(358, 24, 63, 5),
(359, 24, 64, 5),
(360, 24, 65, 5),
(361, 25, 1, 1),
(362, 25, 5, 2),
(363, 25, 6, 2),
(364, 25, 9, 3),
(365, 25, 10, 3),
(366, 25, 11, 3),
(367, 25, 34, 4),
(368, 25, 35, 4),
(369, 25, 36, 4),
(370, 25, 37, 4),
(371, 25, 61, 5),
(372, 25, 62, 5),
(373, 25, 63, 5),
(374, 25, 64, 5),
(375, 25, 65, 5),
(376, 26, 1, 1),
(377, 26, 5, 2),
(378, 26, 6, 2),
(379, 26, 9, 3),
(380, 26, 10, 3),
(381, 26, 11, 3),
(382, 26, 34, 4),
(383, 26, 35, 4),
(384, 26, 36, 4),
(385, 26, 37, 4),
(386, 26, 61, 5),
(387, 26, 62, 5),
(388, 26, 63, 5),
(389, 26, 64, 5),
(390, 26, 65, 5),
(391, 27, 1, 1),
(392, 27, 5, 2),
(393, 27, 6, 2),
(394, 27, 9, 3),
(395, 27, 10, 3),
(396, 27, 11, 3),
(397, 27, 34, 4),
(398, 27, 35, 4),
(399, 27, 36, 4),
(400, 27, 37, 4),
(401, 27, 61, 5),
(402, 27, 62, 5),
(403, 27, 63, 5),
(404, 27, 64, 5),
(405, 27, 65, 5),
(406, 28, 1, 1),
(407, 28, 5, 2),
(408, 28, 6, 2),
(409, 28, 9, 3),
(410, 28, 10, 3),
(411, 28, 11, 3),
(412, 28, 34, 4),
(413, 28, 35, 4),
(414, 28, 36, 4),
(415, 28, 37, 4),
(416, 28, 61, 5),
(417, 28, 62, 5),
(418, 28, 63, 5),
(419, 28, 64, 5),
(420, 28, 65, 5),
(421, 29, 1, 1),
(422, 29, 5, 2),
(423, 29, 6, 2),
(424, 29, 9, 3),
(425, 29, 10, 3),
(426, 29, 11, 3),
(427, 29, 34, 4),
(428, 29, 35, 4),
(429, 29, 36, 4),
(430, 29, 37, 4),
(431, 29, 61, 5),
(432, 29, 62, 5),
(433, 29, 63, 5),
(434, 29, 64, 5),
(435, 29, 65, 5),
(436, 30, 1, 1),
(437, 30, 5, 2),
(438, 30, 6, 2),
(439, 30, 9, 3),
(440, 30, 10, 3),
(441, 30, 11, 3),
(442, 30, 34, 4),
(443, 30, 35, 4),
(444, 30, 36, 4),
(445, 30, 37, 4),
(446, 30, 61, 5),
(447, 30, 62, 5),
(448, 30, 63, 5),
(449, 30, 64, 5),
(450, 30, 65, 5),
(451, 31, 1, 1),
(452, 31, 5, 2),
(453, 31, 6, 2),
(454, 31, 9, 3),
(455, 31, 10, 3),
(456, 31, 11, 3),
(457, 31, 34, 4),
(458, 31, 35, 4),
(459, 31, 36, 4),
(460, 31, 37, 4),
(461, 31, 61, 5),
(462, 31, 62, 5),
(463, 31, 63, 5),
(464, 31, 64, 5),
(465, 31, 65, 5),
(466, 32, 1, 1),
(467, 32, 5, 2),
(468, 32, 6, 2),
(469, 32, 9, 3),
(470, 32, 10, 3),
(471, 32, 11, 3),
(472, 32, 34, 4),
(473, 32, 35, 4),
(474, 32, 36, 4),
(475, 32, 37, 4),
(476, 32, 61, 5),
(477, 32, 62, 5),
(478, 32, 63, 5),
(479, 32, 64, 5),
(480, 32, 65, 5),
(481, 33, 1, 1),
(482, 33, 5, 2),
(483, 33, 6, 2),
(484, 33, 9, 3),
(485, 33, 10, 3),
(486, 33, 11, 3),
(487, 33, 34, 4),
(488, 33, 35, 4),
(489, 33, 36, 4),
(490, 33, 37, 4),
(491, 33, 61, 5),
(492, 33, 62, 5),
(493, 33, 63, 5),
(494, 33, 64, 5),
(495, 33, 65, 5),
(496, 34, 1, 1),
(497, 34, 5, 2),
(498, 34, 6, 2),
(499, 34, 9, 3),
(500, 34, 10, 3),
(501, 34, 11, 3),
(502, 34, 34, 4),
(503, 34, 35, 4),
(504, 34, 36, 4),
(505, 34, 37, 4),
(506, 34, 61, 5),
(507, 34, 62, 5),
(508, 34, 63, 5),
(509, 34, 64, 5),
(510, 34, 65, 5),
(511, 35, 1, 1),
(512, 35, 5, 2),
(513, 35, 6, 2),
(514, 35, 9, 3),
(515, 35, 10, 3),
(516, 35, 11, 3),
(517, 35, 34, 4),
(518, 35, 35, 4),
(519, 35, 36, 4),
(520, 35, 37, 4),
(521, 35, 61, 5),
(522, 35, 62, 5),
(523, 35, 63, 5),
(524, 35, 64, 5),
(525, 35, 65, 5),
(526, 36, 1, 1),
(527, 36, 5, 2),
(528, 36, 6, 2),
(529, 36, 9, 3),
(530, 36, 10, 3),
(531, 36, 11, 3),
(532, 36, 34, 4),
(533, 36, 35, 4),
(534, 36, 36, 4),
(535, 36, 37, 4),
(536, 36, 61, 5),
(537, 36, 62, 5),
(538, 36, 63, 5),
(539, 36, 64, 5),
(540, 36, 65, 5),
(541, 37, 1, 1),
(542, 37, 5, 2),
(543, 37, 6, 2),
(544, 37, 9, 3),
(545, 37, 10, 3),
(546, 37, 11, 3),
(547, 37, 34, 4),
(548, 37, 35, 4),
(549, 37, 36, 4),
(550, 37, 37, 4),
(551, 37, 61, 5),
(552, 37, 62, 5),
(553, 37, 63, 5),
(554, 37, 64, 5),
(555, 37, 65, 5),
(556, 38, 1, 1),
(557, 38, 5, 2),
(558, 38, 6, 2),
(559, 38, 9, 3),
(560, 38, 10, 3),
(561, 38, 11, 3),
(562, 38, 34, 4),
(563, 38, 35, 4),
(564, 38, 36, 4),
(565, 38, 37, 4),
(566, 38, 61, 5),
(567, 38, 62, 5),
(568, 38, 63, 5),
(569, 38, 64, 5),
(570, 38, 65, 5),
(571, 39, 1, 1),
(572, 39, 5, 2),
(573, 39, 6, 2),
(574, 39, 9, 3),
(575, 39, 10, 3),
(576, 39, 11, 3),
(577, 39, 34, 4),
(578, 39, 35, 4),
(579, 39, 36, 4),
(580, 39, 37, 4),
(581, 39, 61, 5),
(582, 39, 62, 5),
(583, 39, 63, 5),
(584, 39, 64, 5),
(585, 39, 65, 5),
(586, 40, 1, 1),
(587, 40, 5, 2),
(588, 40, 6, 2),
(589, 40, 9, 3),
(590, 40, 10, 3),
(591, 40, 11, 3),
(592, 40, 34, 4),
(593, 40, 35, 4),
(594, 40, 36, 4),
(595, 40, 37, 4),
(596, 40, 61, 5),
(597, 40, 62, 5),
(598, 40, 63, 5),
(599, 40, 64, 5),
(600, 40, 65, 5),
(601, 41, 1, 1),
(602, 41, 5, 2),
(603, 41, 6, 2),
(604, 41, 9, 3),
(605, 41, 10, 3),
(606, 41, 11, 3),
(607, 41, 34, 4),
(608, 41, 35, 4),
(609, 41, 36, 4),
(610, 41, 37, 4),
(611, 41, 61, 5),
(612, 41, 62, 5),
(613, 41, 63, 5),
(614, 41, 64, 5),
(615, 41, 65, 5),
(616, 42, 1, 1),
(617, 42, 5, 2),
(618, 42, 6, 2),
(619, 42, 9, 3),
(620, 42, 10, 3),
(621, 42, 11, 3),
(622, 42, 34, 4),
(623, 42, 35, 4),
(624, 42, 36, 4),
(625, 42, 37, 4),
(626, 42, 61, 5),
(627, 42, 62, 5),
(628, 42, 63, 5),
(629, 42, 64, 5),
(630, 42, 65, 5),
(631, 43, 1, 1),
(632, 43, 5, 2),
(633, 43, 6, 2),
(634, 43, 9, 3),
(635, 43, 10, 3),
(636, 43, 11, 3),
(637, 43, 34, 4),
(638, 43, 35, 4),
(639, 43, 36, 4),
(640, 43, 37, 4),
(641, 43, 61, 5),
(642, 43, 62, 5),
(643, 43, 63, 5),
(644, 43, 64, 5),
(645, 43, 65, 5),
(646, 44, 1, 1),
(647, 44, 5, 2),
(648, 44, 6, 2),
(649, 44, 9, 3),
(650, 44, 10, 3),
(651, 44, 11, 3),
(652, 44, 34, 4),
(653, 44, 35, 4),
(654, 44, 36, 4),
(655, 44, 37, 4),
(656, 44, 61, 5),
(657, 44, 62, 5),
(658, 44, 63, 5),
(659, 44, 64, 5),
(660, 44, 65, 5),
(661, 45, 1, 1),
(662, 45, 5, 2),
(663, 45, 6, 2),
(664, 45, 9, 3),
(665, 45, 10, 3),
(666, 45, 11, 3),
(667, 45, 34, 4),
(668, 45, 35, 4),
(669, 45, 36, 4),
(670, 45, 37, 4),
(671, 45, 61, 5),
(672, 45, 62, 5),
(673, 45, 63, 5),
(674, 45, 64, 5),
(675, 45, 65, 5),
(676, 46, 1, 1),
(677, 46, 5, 2),
(678, 46, 6, 2),
(679, 46, 9, 3),
(680, 46, 10, 3),
(681, 46, 11, 3),
(682, 46, 34, 4),
(683, 46, 35, 4),
(684, 46, 36, 4),
(685, 46, 37, 4),
(686, 46, 61, 5),
(687, 46, 62, 5),
(688, 46, 63, 5),
(689, 46, 64, 5),
(690, 46, 65, 5),
(691, 47, 1, 1),
(692, 47, 5, 2),
(693, 47, 6, 2),
(694, 47, 9, 3),
(695, 47, 10, 3),
(696, 47, 11, 3),
(697, 47, 34, 4),
(698, 47, 35, 4),
(699, 47, 36, 4),
(700, 47, 37, 4),
(701, 47, 61, 5),
(702, 47, 62, 5),
(703, 47, 63, 5),
(704, 47, 64, 5),
(705, 47, 65, 5),
(706, 48, 1, 1),
(707, 48, 5, 2),
(708, 48, 6, 2),
(709, 48, 9, 3),
(710, 48, 10, 3),
(711, 48, 11, 3),
(712, 48, 34, 4),
(713, 48, 35, 4),
(714, 48, 36, 4),
(715, 48, 37, 4),
(716, 48, 61, 5),
(717, 48, 62, 5),
(718, 48, 63, 5),
(719, 48, 64, 5),
(720, 48, 65, 5),
(721, 49, 1, 1),
(722, 49, 5, 2),
(723, 49, 6, 2),
(724, 49, 9, 3),
(725, 49, 10, 3),
(726, 49, 11, 3),
(727, 49, 34, 4),
(728, 49, 35, 4),
(729, 49, 36, 4),
(730, 49, 37, 4),
(731, 49, 61, 5),
(732, 49, 62, 5),
(733, 49, 63, 5),
(734, 49, 64, 5),
(735, 49, 65, 5),
(736, 50, 1, 1),
(737, 50, 5, 2),
(738, 50, 6, 2),
(739, 50, 9, 3),
(740, 50, 10, 3),
(741, 50, 11, 3),
(742, 50, 34, 4),
(743, 50, 35, 4),
(744, 50, 36, 4),
(745, 50, 37, 4),
(746, 50, 61, 5),
(747, 50, 62, 5),
(748, 50, 63, 5),
(749, 50, 64, 5),
(750, 50, 65, 5),
(751, 51, 1, 1),
(752, 51, 5, 2),
(753, 51, 6, 2),
(754, 51, 9, 3),
(755, 51, 10, 3),
(756, 51, 11, 3),
(757, 51, 34, 4),
(758, 51, 35, 4),
(759, 51, 36, 4),
(760, 51, 37, 4),
(761, 51, 61, 5),
(762, 51, 62, 5),
(763, 51, 63, 5),
(764, 51, 64, 5),
(765, 51, 65, 5),
(766, 52, 1, 1),
(767, 52, 5, 2),
(768, 52, 6, 2),
(769, 52, 9, 3),
(770, 52, 10, 3),
(771, 52, 11, 3),
(772, 52, 34, 4),
(773, 52, 35, 4),
(774, 52, 36, 4),
(775, 52, 37, 4),
(776, 52, 61, 5),
(777, 52, 62, 5),
(778, 52, 63, 5),
(779, 52, 64, 5),
(780, 52, 65, 5),
(781, 53, 1, 1),
(782, 53, 5, 2),
(783, 53, 6, 2),
(784, 53, 9, 3),
(785, 53, 10, 3),
(786, 53, 11, 3),
(787, 53, 34, 4),
(788, 53, 35, 4),
(789, 53, 36, 4),
(790, 53, 37, 4),
(791, 53, 61, 5),
(792, 53, 62, 5),
(793, 53, 63, 5),
(794, 53, 64, 5),
(795, 53, 65, 5),
(796, 54, 1, 1),
(797, 54, 5, 2),
(798, 54, 6, 2),
(799, 54, 9, 3),
(800, 54, 10, 3),
(801, 54, 11, 3),
(802, 54, 34, 4),
(803, 54, 35, 4),
(804, 54, 36, 4),
(805, 54, 37, 4),
(806, 54, 61, 5),
(807, 54, 62, 5),
(808, 54, 63, 5),
(809, 54, 64, 5),
(810, 54, 65, 5),
(811, 55, 1, 1),
(812, 55, 5, 2),
(813, 55, 6, 2),
(814, 55, 9, 3),
(815, 55, 10, 3),
(816, 55, 11, 3),
(817, 55, 34, 4),
(818, 55, 35, 4),
(819, 55, 36, 4),
(820, 55, 37, 4),
(821, 55, 61, 5),
(822, 55, 62, 5),
(823, 55, 63, 5),
(824, 55, 64, 5),
(825, 55, 65, 5),
(826, 56, 1, 1),
(827, 56, 5, 2),
(828, 56, 6, 2),
(829, 56, 9, 3),
(830, 56, 10, 3),
(831, 56, 11, 3),
(832, 56, 34, 4),
(833, 56, 35, 4),
(834, 56, 36, 4),
(835, 56, 37, 4),
(836, 56, 61, 5),
(837, 56, 62, 5),
(838, 56, 63, 5),
(839, 56, 64, 5),
(840, 56, 65, 5),
(841, 57, 1, 1),
(842, 57, 5, 2),
(843, 57, 6, 2),
(844, 57, 9, 3),
(845, 57, 10, 3),
(846, 57, 11, 3),
(847, 57, 34, 4),
(848, 57, 35, 4),
(849, 57, 36, 4),
(850, 57, 37, 4),
(851, 57, 61, 5),
(852, 57, 62, 5),
(853, 57, 63, 5),
(854, 57, 64, 5),
(855, 57, 65, 5),
(856, 58, 1, 1),
(857, 58, 5, 2),
(858, 58, 6, 2),
(859, 58, 9, 3),
(860, 58, 10, 3),
(861, 58, 11, 3),
(862, 58, 34, 4),
(863, 58, 35, 4),
(864, 58, 36, 4),
(865, 58, 37, 4),
(866, 58, 61, 5),
(867, 58, 62, 5),
(868, 58, 63, 5),
(869, 58, 64, 5),
(870, 58, 65, 5),
(871, 59, 1, 1),
(872, 59, 5, 2),
(873, 59, 6, 2),
(874, 59, 9, 3),
(875, 59, 10, 3),
(876, 59, 11, 3),
(877, 59, 34, 4),
(878, 59, 35, 4),
(879, 59, 36, 4),
(880, 59, 37, 4),
(881, 59, 61, 5),
(882, 59, 62, 5),
(883, 59, 63, 5),
(884, 59, 64, 5),
(885, 59, 65, 5),
(886, 60, 1, 1),
(887, 60, 5, 2),
(888, 60, 6, 2),
(889, 60, 9, 3),
(890, 60, 10, 3),
(891, 60, 11, 3),
(892, 60, 34, 4),
(893, 60, 35, 4),
(894, 60, 36, 4),
(895, 60, 37, 4),
(896, 60, 61, 5),
(897, 60, 62, 5),
(898, 60, 63, 5),
(899, 60, 64, 5),
(900, 60, 65, 5),
(901, 61, 1, 1),
(902, 61, 5, 2),
(903, 61, 6, 2),
(904, 61, 9, 3),
(905, 61, 10, 3),
(906, 61, 11, 3),
(907, 61, 34, 4),
(908, 61, 35, 4),
(909, 61, 36, 4),
(910, 61, 37, 4),
(911, 61, 61, 5),
(912, 61, 62, 5),
(913, 61, 63, 5),
(914, 61, 64, 5),
(915, 61, 65, 5),
(916, 62, 1, 1),
(917, 62, 5, 2),
(918, 62, 6, 2),
(919, 62, 9, 3),
(920, 62, 10, 3),
(921, 62, 11, 3),
(922, 62, 34, 4),
(923, 62, 35, 4),
(924, 62, 36, 4),
(925, 62, 37, 4),
(926, 62, 61, 5),
(927, 62, 62, 5),
(928, 62, 63, 5),
(929, 62, 64, 5),
(930, 62, 65, 5),
(931, 63, 1, 1),
(932, 63, 5, 2),
(933, 63, 6, 2),
(934, 63, 9, 3),
(935, 63, 10, 3),
(936, 63, 11, 3),
(937, 63, 34, 4),
(938, 63, 35, 4),
(939, 63, 36, 4),
(940, 63, 37, 4),
(941, 63, 61, 5),
(942, 63, 62, 5),
(943, 63, 63, 5),
(944, 63, 64, 5),
(945, 63, 65, 5),
(946, 64, 1, 1),
(947, 64, 5, 2),
(948, 64, 6, 2),
(949, 64, 9, 3),
(950, 64, 10, 3),
(951, 64, 11, 3),
(952, 64, 34, 4),
(953, 64, 35, 4),
(954, 64, 36, 4),
(955, 64, 37, 4),
(956, 64, 61, 5),
(957, 64, 62, 5),
(958, 64, 63, 5),
(959, 64, 64, 5),
(960, 64, 65, 5),
(961, 65, 1, 1),
(962, 65, 5, 2),
(963, 65, 6, 2),
(964, 65, 9, 3),
(965, 65, 10, 3),
(966, 65, 11, 3),
(967, 65, 34, 4),
(968, 65, 35, 4),
(969, 65, 36, 4),
(970, 65, 37, 4),
(971, 65, 61, 5),
(972, 65, 62, 5),
(973, 65, 63, 5),
(974, 65, 64, 5),
(975, 65, 65, 5),
(976, 66, 1, 1),
(977, 66, 5, 2),
(978, 66, 6, 2),
(979, 66, 9, 3),
(980, 66, 10, 3),
(981, 66, 11, 3),
(982, 66, 34, 4),
(983, 66, 35, 4),
(984, 66, 36, 4),
(985, 66, 37, 4),
(986, 66, 61, 5),
(987, 66, 62, 5),
(988, 66, 63, 5),
(989, 66, 64, 5),
(990, 66, 65, 5),
(991, 67, 1, 1),
(992, 67, 5, 2),
(993, 67, 6, 2),
(994, 67, 9, 3),
(995, 67, 10, 3),
(996, 67, 11, 3),
(997, 67, 34, 4),
(998, 67, 35, 4),
(999, 67, 36, 4),
(1000, 67, 37, 4),
(1001, 67, 61, 5),
(1002, 67, 62, 5),
(1003, 67, 63, 5),
(1004, 67, 64, 5),
(1005, 67, 65, 5),
(1006, 68, 1, 1),
(1007, 68, 5, 2),
(1008, 68, 6, 2),
(1009, 68, 9, 3),
(1010, 68, 10, 3),
(1011, 68, 11, 3),
(1012, 68, 34, 4),
(1013, 68, 35, 4),
(1014, 68, 36, 4),
(1015, 68, 37, 4),
(1016, 68, 61, 5),
(1017, 68, 62, 5),
(1018, 68, 63, 5),
(1019, 68, 64, 5),
(1020, 68, 65, 5),
(1021, 69, 1, 1),
(1022, 69, 5, 2),
(1023, 69, 6, 2),
(1024, 69, 9, 3),
(1025, 69, 10, 3),
(1026, 69, 11, 3),
(1027, 69, 34, 4),
(1028, 69, 35, 4),
(1029, 69, 36, 4),
(1030, 69, 37, 4),
(1031, 69, 61, 5),
(1032, 69, 62, 5),
(1033, 69, 63, 5),
(1034, 69, 64, 5),
(1035, 69, 65, 5),
(1036, 70, 1, 1),
(1037, 70, 5, 2),
(1038, 70, 6, 2),
(1039, 70, 9, 3),
(1040, 70, 10, 3),
(1041, 70, 11, 3),
(1042, 70, 34, 4),
(1043, 70, 35, 4),
(1044, 70, 36, 4),
(1045, 70, 37, 4),
(1046, 70, 61, 5),
(1047, 70, 62, 5),
(1048, 70, 63, 5),
(1049, 70, 64, 5),
(1050, 70, 65, 5),
(1051, 71, 1, 1),
(1052, 71, 5, 2),
(1053, 71, 6, 2),
(1054, 71, 9, 3),
(1055, 71, 10, 3),
(1056, 71, 11, 3),
(1057, 71, 34, 4),
(1058, 71, 35, 4),
(1059, 71, 36, 4),
(1060, 71, 37, 4),
(1061, 71, 61, 5),
(1062, 71, 62, 5),
(1063, 71, 63, 5),
(1064, 71, 64, 5),
(1065, 71, 65, 5),
(1066, 72, 1, 1),
(1067, 72, 5, 2),
(1068, 72, 6, 2),
(1069, 72, 9, 3),
(1070, 72, 10, 3),
(1071, 72, 11, 3),
(1072, 72, 34, 4),
(1073, 72, 35, 4),
(1074, 72, 36, 4),
(1075, 72, 37, 4),
(1076, 72, 61, 5),
(1077, 72, 62, 5),
(1078, 72, 63, 5),
(1079, 72, 64, 5),
(1080, 72, 65, 5),
(1081, 73, 1, 1),
(1082, 73, 5, 2),
(1083, 73, 6, 2),
(1084, 73, 9, 3),
(1085, 73, 10, 3),
(1086, 73, 11, 3),
(1087, 73, 34, 4),
(1088, 73, 35, 4),
(1089, 73, 36, 4),
(1090, 73, 37, 4),
(1091, 73, 61, 5),
(1092, 73, 62, 5),
(1093, 73, 63, 5),
(1094, 73, 64, 5),
(1095, 73, 65, 5),
(1096, 74, 1, 1),
(1097, 74, 5, 2),
(1098, 74, 6, 2),
(1099, 74, 9, 3),
(1100, 74, 10, 3),
(1101, 74, 11, 3),
(1102, 74, 34, 4),
(1103, 74, 35, 4),
(1104, 74, 36, 4),
(1105, 74, 37, 4),
(1106, 74, 61, 5),
(1107, 74, 62, 5),
(1108, 74, 63, 5),
(1109, 74, 64, 5),
(1110, 74, 65, 5),
(1111, 75, 1, 1),
(1112, 75, 5, 2),
(1113, 75, 6, 2),
(1114, 75, 9, 3),
(1115, 75, 10, 3),
(1116, 75, 11, 3),
(1117, 75, 34, 4),
(1118, 75, 35, 4),
(1119, 75, 36, 4),
(1120, 75, 37, 4),
(1121, 75, 61, 5),
(1122, 75, 62, 5),
(1123, 75, 63, 5),
(1124, 75, 64, 5),
(1125, 75, 65, 5),
(1126, 76, 1, 1),
(1127, 76, 5, 2),
(1128, 76, 6, 2),
(1129, 76, 9, 3),
(1130, 76, 10, 3),
(1131, 76, 11, 3),
(1132, 76, 34, 4),
(1133, 76, 35, 4),
(1134, 76, 36, 4),
(1135, 76, 37, 4),
(1136, 76, 61, 5),
(1137, 76, 62, 5),
(1138, 76, 63, 5),
(1139, 76, 64, 5),
(1140, 76, 65, 5),
(1141, 77, 1, 1),
(1142, 77, 5, 2),
(1143, 77, 6, 2),
(1144, 77, 9, 3),
(1145, 77, 10, 3),
(1146, 77, 11, 3),
(1147, 77, 34, 4),
(1148, 77, 35, 4),
(1149, 77, 36, 4),
(1150, 77, 37, 4),
(1151, 77, 61, 5),
(1152, 77, 62, 5),
(1153, 77, 63, 5),
(1154, 77, 64, 5),
(1155, 77, 65, 5),
(1156, 78, 1, 1),
(1157, 78, 5, 2),
(1158, 78, 6, 2),
(1159, 78, 9, 3),
(1160, 78, 10, 3),
(1161, 78, 11, 3),
(1162, 78, 34, 4),
(1163, 78, 35, 4),
(1164, 78, 36, 4),
(1165, 78, 37, 4),
(1166, 78, 61, 5),
(1167, 78, 62, 5),
(1168, 78, 63, 5),
(1169, 78, 64, 5),
(1170, 78, 65, 5),
(1171, 79, 1, 1),
(1172, 79, 5, 2),
(1173, 79, 6, 2),
(1174, 79, 9, 3),
(1175, 79, 10, 3),
(1176, 79, 11, 3),
(1177, 79, 34, 4),
(1178, 79, 35, 4),
(1179, 79, 36, 4),
(1180, 79, 37, 4),
(1181, 79, 61, 5),
(1182, 79, 62, 5),
(1183, 79, 63, 5),
(1184, 79, 64, 5),
(1185, 79, 65, 5),
(1186, 80, 1, 1),
(1187, 80, 5, 2),
(1188, 80, 6, 2),
(1189, 80, 9, 3),
(1190, 80, 10, 3),
(1191, 80, 11, 3),
(1192, 80, 34, 4),
(1193, 80, 35, 4),
(1194, 80, 36, 4),
(1195, 80, 37, 4),
(1196, 80, 61, 5),
(1197, 80, 62, 5),
(1198, 80, 63, 5),
(1199, 80, 64, 5),
(1200, 80, 65, 5),
(1201, 81, 1, 1),
(1202, 81, 5, 2),
(1203, 81, 6, 2),
(1204, 81, 9, 3),
(1205, 81, 10, 3),
(1206, 81, 11, 3),
(1207, 81, 34, 4),
(1208, 81, 35, 4),
(1209, 81, 36, 4),
(1210, 81, 37, 4),
(1211, 81, 61, 5),
(1212, 81, 62, 5),
(1213, 81, 63, 5),
(1214, 81, 64, 5),
(1215, 81, 65, 5),
(1216, 82, 1, 1),
(1217, 82, 5, 2),
(1218, 82, 6, 2),
(1219, 82, 9, 3),
(1220, 82, 10, 3),
(1221, 82, 11, 3),
(1222, 82, 34, 4),
(1223, 82, 35, 4),
(1224, 82, 36, 4),
(1225, 82, 37, 4),
(1226, 82, 61, 5),
(1227, 82, 62, 5),
(1228, 82, 63, 5),
(1229, 82, 64, 5),
(1230, 82, 65, 5),
(1231, 83, 1, 1),
(1232, 83, 5, 2),
(1233, 83, 6, 2),
(1234, 83, 9, 3),
(1235, 83, 10, 3),
(1236, 83, 11, 3),
(1237, 83, 34, 4),
(1238, 83, 35, 4),
(1239, 83, 36, 4),
(1240, 83, 37, 4),
(1241, 83, 61, 5),
(1242, 83, 62, 5),
(1243, 83, 63, 5),
(1244, 83, 64, 5),
(1245, 83, 65, 5),
(1246, 84, 1, 1),
(1247, 84, 5, 2),
(1248, 84, 6, 2),
(1249, 84, 9, 3),
(1250, 84, 10, 3),
(1251, 84, 11, 3),
(1252, 84, 34, 4),
(1253, 84, 35, 4),
(1254, 84, 36, 4),
(1255, 84, 37, 4),
(1256, 84, 61, 5),
(1257, 84, 62, 5),
(1258, 84, 63, 5),
(1259, 84, 64, 5),
(1260, 84, 65, 5),
(1261, 85, 1, 1),
(1262, 85, 5, 2),
(1263, 85, 6, 2),
(1264, 85, 9, 3),
(1265, 85, 10, 3),
(1266, 85, 11, 3),
(1267, 85, 34, 4),
(1268, 85, 35, 4),
(1269, 85, 36, 4),
(1270, 85, 37, 4),
(1271, 85, 61, 5),
(1272, 85, 62, 5),
(1273, 85, 63, 5),
(1274, 85, 64, 5),
(1275, 85, 65, 5),
(1276, 86, 1, 1),
(1277, 86, 5, 2),
(1278, 86, 6, 2),
(1279, 86, 9, 3),
(1280, 86, 10, 3),
(1281, 86, 11, 3),
(1282, 86, 34, 4),
(1283, 86, 35, 4),
(1284, 86, 36, 4),
(1285, 86, 37, 4),
(1286, 86, 61, 5),
(1287, 86, 62, 5),
(1288, 86, 63, 5),
(1289, 86, 64, 5),
(1290, 86, 65, 5),
(1291, 87, 1, 1),
(1292, 87, 5, 2),
(1293, 87, 6, 2),
(1294, 87, 9, 3),
(1295, 87, 10, 3),
(1296, 87, 11, 3),
(1297, 87, 34, 4),
(1298, 87, 35, 4),
(1299, 87, 36, 4),
(1300, 87, 37, 4),
(1301, 87, 61, 5),
(1302, 87, 62, 5),
(1303, 87, 63, 5),
(1304, 87, 64, 5),
(1305, 87, 65, 5),
(1306, 88, 1, 1),
(1307, 88, 5, 2),
(1308, 88, 6, 2),
(1309, 88, 9, 3),
(1310, 88, 10, 3),
(1311, 88, 11, 3),
(1312, 88, 34, 4),
(1313, 88, 35, 4),
(1314, 88, 36, 4),
(1315, 88, 37, 4),
(1316, 88, 61, 5),
(1317, 88, 62, 5),
(1318, 88, 63, 5),
(1319, 88, 64, 5),
(1320, 88, 65, 5),
(1321, 89, 1, 1),
(1322, 89, 5, 2),
(1323, 89, 6, 2),
(1324, 89, 9, 3),
(1325, 89, 10, 3),
(1326, 89, 11, 3),
(1327, 89, 34, 4),
(1328, 89, 35, 4),
(1329, 89, 36, 4),
(1330, 89, 37, 4),
(1331, 89, 61, 5),
(1332, 89, 62, 5),
(1333, 89, 63, 5),
(1334, 89, 64, 5),
(1335, 89, 65, 5),
(1336, 90, 1, 1),
(1337, 90, 5, 2),
(1338, 90, 6, 2),
(1339, 90, 9, 3),
(1340, 90, 10, 3),
(1341, 90, 11, 3),
(1342, 90, 34, 4),
(1343, 90, 35, 4),
(1344, 90, 36, 4),
(1345, 90, 37, 4),
(1346, 90, 61, 5),
(1347, 90, 62, 5),
(1348, 90, 63, 5),
(1349, 90, 64, 5),
(1350, 90, 65, 5),
(1351, 91, 1, 1),
(1352, 91, 5, 2),
(1353, 91, 6, 2),
(1354, 91, 9, 3),
(1355, 91, 10, 3),
(1356, 91, 11, 3),
(1357, 91, 34, 4),
(1358, 91, 35, 4),
(1359, 91, 36, 4),
(1360, 91, 37, 4),
(1361, 91, 61, 5),
(1362, 91, 62, 5),
(1363, 91, 63, 5),
(1364, 91, 64, 5),
(1365, 91, 65, 5),
(1366, 92, 1, 1),
(1367, 92, 5, 2),
(1368, 92, 6, 2),
(1369, 92, 9, 3),
(1370, 92, 10, 3),
(1371, 92, 11, 3),
(1372, 92, 34, 4),
(1373, 92, 35, 4),
(1374, 92, 36, 4),
(1375, 92, 37, 4),
(1376, 92, 61, 5),
(1377, 92, 62, 5),
(1378, 92, 63, 5),
(1379, 92, 64, 5),
(1380, 92, 65, 5);


INSERT INTO payment (paymentID, amount, time_stamp, paymentMethod, bookingID) VALUES
(1, 200, "2017-07-23 13:10:11", 'upi', 1);
(2, 400, "2017-07-25 15:00:00", 'upi', 2);
(3, 600, "2017-07-27 17:30:00", 'upi', 3);
(4, 800, "2017-07-29 16:34:00", 'upi', 4);
(5, 1000, "2017-07-30 13:53:00", 'upi', 5);
